itm_id,branch_stock_from_branch,branch_stock_from_main,diff
1,41784.49,41666.49,118
75,0,5,-5
114,1,2,-1
273,0,1,-1
285,3,4,-1
519,1,6,-5
695,9,10,-1
743,39,56,-17
793,4,6,-2
916,2,0,2
977,9,1,8
1157,3,0,3
1163,4,12,-8
1187,11,17,-6
1250,3,0,3
1335,0,2,-2
1349,9,14,-5
1587,12,21,-9
1599,41,44,-3
1673,6,0,6
2041,11,31,-20
2042,2,0,2
2243,4,2,2
2342,24,28,-4
2354,16,23,-7
2390,18,13,5
2465,24,29,-5
2722,0,1,-1
2734,30,38,-8
2771,7,8,-1
2785,0,1,-1
2944,2,0,2
3060,4,9,-5
3096,46,26,20
3110,0,2,-2
3154,5,11,-6
3318,3,6,-3
3370,63.01,70.01,-7
3436,6,8,-2
3441,53,72,-19
3516,5,6,-1
3648,5,4,1
3882,2,1,1
4061,24,25,-1
4135,5,8,-3
4282,2,1,1
4387,1,2,-1
4422,0,2,-2
4435,12,27,-15
4510,25,27,-2
4608,6,3,3
4876,3,2,1
4985,10,0,10
5051,16,30,-14
5678,18,46,-28
5690,6,19,-13
6134,1,3,-2
6167,0,1,-1
6481,41,7,34
6854,0,2,-2
6884,1,5,-4
6944,2,6,-4
7082,20,24,-4
7168,2,0,2
7197,4,1,3
7256,4,6,-2
7627,0,1,-1
7683,107,140,-33
7757,16,3,13
8160,17,16,1
8293,34,0,34
8344,1,2,-1
8383,11,0,11
8431,400,300,100
8635,1,2,-1
8685,3,4,-1
8698,56,75,-19
8897,58,82,-24
8975,7,5,2
9069,2,3,-1
9251,3,0,3
9318,38,22,16
9377,0,2,-2
9390,0,17,-17
9606,0,12,-12
9771,4,3,1
9930,91,120,-29
10052,5,0,5
10463,4,13,-9
10465,20,27,-7
10473,2,4,-2
10474,1,6,-5
10477,0,1,-1
10483,6,18,-12
10491,3,10,-7
10511,3,5,-2
10665,1,0,1
10682,0,2,-2
10702,26,28,-2
10704,3,9,-6
10742,2,14,-12
10744,0,3,-3
10746,9,15,-6
10747,33,59,-26
10964,1,3,-2
10971,5,13,-8
11275,180,222,-42
11276,9,15,-6
11277,5,8,-3
11283,30,19,11
11288,28,39,-11
11342,5,6,-1
11368,2,3,-1
11376,1,2,-1
11406,11,6,5
11439,0,1,-1
11720,1,0,1
11911,3,6,-3
11923,39,31,8
12094,9,11,-2
12237,9,5,4
12369,50,15,35
12596,0,4,-4
12628,8,21,-13
13256,50,3,47
13355,47,0,47
13486,0,2,-2
13565,3,1,2
13838,2,3,-1
14366,0,1,-1
14600,12,0,12
14627,1,3,-2
14638,27,7,20
14711,17,18,-1
14736,1,7,-6
14969,16,21,-5
15301,0,2,-2
16016,3,0,3
16069,1,7,-6
16113,2,0,2
16236,2,0,2
16255,0,2,-2
16397,94,33,61
16450,4,0,4
16590,15,9,6
16591,8,9,-1
16779,4,0,4
16854,74,102,-28
16958,84,70,14
17030,7,15,-8
17156,8,9,-1
17223,6,7,-1
17346,2,3,-1
17392,21,3,18
17423,3,0,3
17459,273,357,-84
17463,20,55,-35
17488,17,25,-8
17530,54,73,-19
17757,3,5,-2
17899,3.5,4,-0.5
18001,10,0,10
18032,2,1,1
18087,62,13,49
18103,108,120,-12
18109,40,44,-4
18192,10,22,-12
18202,1,0,1
18230,5,2,3
18260,0,1,-1
18338,4,5,-1
18363,27,26,1
18390,73,99,-26
18463,6,3,3
18496,16,25,-9
18549,41,53,-12
18573,10,4,6
18581,25,28,-3
18593,32,36,-4
18604,3,0,3
18625,0.4,0,0.4
18641,14,6,8
18674,35,39,-4
18748,18,22,-4
18762,2,3,-1
18795,215,272,-57
18823,19,21,-2
18911,57,64,-7
18936,21.5,27.5,-6
18941,0.99,2.99,-2
18944,9,11,-2
18985,74,81,-7
19014,5,0,5
19070,3,4,-1
19117,2.5,1.5,1
19149,4,10,-6
19194,7,8,-1
19250,11,8,3
19414,12,10,2
19447,16,9,7
19519,3,4,-1
19578,4,0,4
19634,176,172,4
19652,2,3,-1
19683,30,35,-5
19699,23,35,-12
19716,3,4,-1
19810,2,4,-2
19821,1,0,1
19860,4,8,-4
19891,10,1,9
20115,34,9,25
20202,68,71,-3
20348,0,3,-3
20362,13,0,13
20396,49,65,-16
20555,0,1,-1
20781,0,12,-12
20923,10,14,-4
21058,2,0,2
21097,7,4,3
21247,2,5,-3
21252,1,2,-1
21304,84.04,44.04,40
21347,27,17,10
21348,15,18,-3
21363,17,18,-1
21380,2,4,-2
21384,24,36,-12
21412,45,46,-1
21415,12,13,-1
21485,6,7,-1
21579,3,0,3
21685,17,15,2
21728,0,5,-5
21730,26,29,-3
21757,2,4,-2
21809,4,0,4
21829,3,1,2
21867,0,1,-1
21913,10,8,2
21948,3,4,-1
21954,485,506,-21
22019,0,4,-4
22024,0,18,-18
22157,79,33,46
22367,0,1268,-1268
22370,1,5,-4
22490,5,6,-1
22547,3,4,-1
22592,9,10,-1
22657,25,27,-2
22708,4,0,4
22843,1,0,1
22848,3,5,-2
22880,1,2,-1
23001,62,69,-7
23052,17,32,-15
23086,6,0,6
23100,0,0.5,-0.5
23120,1,2,-1
23126,4,3,1
23132,7,9,-2
23141,7,1,6
23146,3,5,-2
23167,9,13,-4
23191,0,2,-2
23194,3,0,3
23210,13,16,-3
23266,25,34,-9
23283,3,6,-3
23335,5,12,-7
23339,20,27,-7
23474,0,1,-1
23644,0,2,-2
23720,0,1,-1
23873,5,6,-1
24337,6,8,-2
24362,16,10,6
24533,32,9,23
24642,879,1113,-234
24717,79.01,120.01,-41
24994,144,168,-24
25199,912,1116,-204
25713,9,21,-12
25912,137,181,-44
25985,23,14,9
26071,3,4,-1
26400,7,17,-10
26471,3,0,3
26473,9,15,-6
26476,4,6,-2
26480,1,2,-1
26488,0,2,-2
26497,7,8,-1
26524,0,9,-9
26526,8,4,4
26527,5,8,-3
26555,1,0,1
26572,24,32,-8
26602,18,21,-3
26621,7,3,4
26690,89,1,88
26693,4,5,-1
26870,4,5,-1
26873,3,4.5,-1.5
26962,62,32,30
27097,0.99,0,0.99
27163,13,24,-11
27174,0,1,-1
27191,49,73,-24
27227,1,3,-2
27246,3,1,2
27275,14,15,-1
27539,85,69,16
27583,2,3,-1
27692,1,0,1
27753,11,2,9
27892,13,1,12
27937,12,17,-5
27940,14,9,5
28080,6,8,-2
28081,4,5,-1
28082,33,0,33
28165,12,1,11
28202,10,6,4
28270,98.02,152.02,-54
28318,1046,922,124
28418,22,8,14
28477,11,15,-4
28478,7,5,2
28569,10,0,10
28579,32,36,-4
28686,0,4,-4
28701,42,0,42
28721,179,263,-84
28729,61,73,-12
28754,4,1,3
28784,3,124,-121
28920,0,1,-1
28940,5,9,-4
28949,71,85,-14
29008,3,1,2
29070,9,13,-4
29071,5,6,-1
29075,1,4,-3
29156,4,1,3
29162,13,16,-3
29182,2,4,-2
29246,29,30,-1
29319,6,12,-6
29320,3,2,1
30013,24,1,23
30067,1,4,-3
30134,0,4,-4
30373,3,4,-1
30380,2,0,2
30439,1,6,-5
30488,43,54,-11
30517,6,0,6
30547,0,1,-1
30735,124,171,-47
30786,4,10,-6
30851,17,28,-11
30895,6,9,-3
30981,2,3,-1
30985,59,73,-14
31072,2,6,-4
31304,19,9,10
31387,10.01,0.01,10
31470,46,2,44
31520,74.01,111.01,-37
31679,2,0,2
31872,12,6,6
31877,1,3,-2
31925,196,228,-32
31977,6,0,6
32040,8,10,-2
32136,25,20,5
32158,4,2,2
32190,51,49,2
32367,1,3,-2
32644,10,12,-2
32908,1,2,-1
32922,10,17,-7
32994,0,2,-2
33062,62,72,-10
33118,1,2,-1
33156,9,3,6
33188,6,0,6
33318,34,4,30
33330,1,2,-1
33625,1,2,-1
33637,5,15,-10
33692,23,16,7
34053,0,1,-1
34086,0,2,-2
34118,13,25,-12
34373,1,3,-2
34695,20,0,20
34740,418,459,-41
35026,2,0,2
35124,165,199,-34
35235,348,360,-12
35408,7,10,-3
35790,13,12,1
35826,6,7,-1
35841,152,140,12
36034,7,0,7
36249,76,66,10
36302,0,2,-2
36340,2,3,-1
36426,14,16,-2
36575,18,28,-10
36647,10.5,11,-0.5
36857,11,1,10
36944,5,9,-4
37092,15,16.5,-1.5
37119,1,0,1
37211,9,10,-1
37352,7,4,3
37403,18,68,-50
37464,4,5,-1
37496,30,18,12
37504,13,10,3
37505,0,3,-3
37514,6,1,5
37789,9,3,6
37974,5,8,-3
37984,4,1,3
38110,37,9,28
38327,2,3,-1
38415,37,42,-5
38470,5,1,4
38741,0,1,-1
38743,9,10,-1
38750,7,8,-1
39137,2,4,-2
39286,1,3,-2
39577,22,21,1
39581,127.04,135.04,-8
39780,2,3,-1
39814,4,5,-1
39998,7,10,-3
40019,0,1,-1
40038,23,37,-14
40059,6,5,1
40061,6,15,-9
40062,0,1,-1
40067,64,92,-28
40320,6,3,3
40494,19.5,3,16.5
40509,1,0,1
40547,11,9,2
40572,5,6,-1
40590,1,3,-2
40644,9,10,-1
40985,45,31,14
41279,112,62,50
41332,2,0,2
41412,8,18,-10
42145,8,11.5,-3.5
43012,9,4,5
43753,9,6,3
43878,2,0,2
43974,1,0,1
44036,0,1,-1
44176,0,2,-2
44177,25,58,-33
44573,3,10,-7
44857,7,0,7
44906,32,34,-2
45039,35,45,-10
45220,6,3,3
45356,13,21,-8
45383,76,80,-4
45425,19,26,-7
45468,1,2,-1
45584,1,3,-2
45909,5,1,4
46055,4,2,2
46285,9,18,-9
46303,8,11,-3
46320,19,27,-8
46378,1,4,-3
46402,4,2,2
46411,2,8,-6
46414,3,4,-1
46442,19,34,-15
46507,13,1,12
46534,0,8,-8
46552,7,11,-4
46553,6,10,-4
46589,0,1,-1
46598,1,5,-4
46601,4,5,-1
46604,18,24,-6
46667,1,0,1
46723,10,14,-4
46753,3,4,-1
46782,0,1,-1
46818,1,2,-1
46850,3,5,-2
46883,1,4,-3
46893,8.67,2.67,6
46895,12,3,9
47089,5.67,6.66,-0.99
47094,9,19,-10
47130,0,1,-1
47137,5,12,-7
47199,0.4,1.4,-1
47251,5,2,3
47261,21,0,21
47263,26,0,26
47343,1,2,-1
47360,1,2,-1
47361,6,8,-2
47476,0,2,-2
47496,1,2,-1
47555,16,22,-6
47556,7,11,-4
47557,0,9,-9
47567,2,4,-2
47568,2,1,1
47570,13,14,-1
47573,23,16,7
47574,13,25,-12
47575,15,22,-7
47577,1,0,1
47580,64,89,-25
47595,186,0,186
47632,3,1,2
47719,2,3,-1
47723,2,13,-11
47724,9,0,9
47797,6,11,-5
47803,95,93,2
47857,14,19,-5
47899,12,0,12
47903,4,5,-1
47904,10,19,-9
47942,5,1,4
47943,45,54,-9
47944,9,10,-1
48017,6,1,5
48068,3,2,1
48079,1,0,1
48081,15,7,8
48082,30,32,-2
48106,2,6,-4
48121,51,62,-11
48131,41,50,-9
48132,5,1,4
48185,3,4,-1
48198,8,4,4
48207,0,1,-1
48253,9,3,6
48255,17,15,2
48263,21,26,-5
48267,3,10,-7
48296,6,9,-3
48299,3,0,3
48316,7,0,7
48319,12,0,12
48334,14,17,-3
48375,16,14,2
48381,6,1,5
48396,2,4,-2
48399,5,3,2
48410,8,2,6
48411,0,2,-2
48415,0,4,-4
48422,20,13,7
48426,23,34,-11
48436,6,0,6
48458,21,1,20
48459,0,5,-5
48460,20,21,-1
48461,7.99,11,-3.01
48469,5,7,-2
48492,12,17,-5
48533,0,1,-1
48536,2,1,1
48540,3,1,2
48541,1,10,-9
48542,8,10,-2
48543,3,0,3
48556,2,3,-1
48583,2,0,2
48601,24,8,16
48602,0,2,-2
48610,49,70,-21
48611,0,1,-1
48612,1,7,-6
48616,10,5,5
48619,5,0,5
48638,12,15,-3
48641,2,3,-1
48642,30,0,30
48657,21,29,-8
48661,38,45,-7
48668,7,9,-2
48671,0,3,-3
48676,3,6,-3
48680,18,24,-6
48684,0,2,-2
48685,5,4,1
48688,6,9,-3
48700,29,28,1
48709,5,3,2
48723,14,15,-1
48726,3,4,-1
48737,22,5,17
48745,12,6,6
48763,3,10,-7
48789,5,4,1
48805,12,10,2
48806,5,10,-5
48807,39,45,-6
48817,49,41,8
48824,0,1,-1
48825,217,294,-77
48841,9,11,-2
48870,0,3,-3
48918,17,19,-2
48926,15,19,-4
48960,29,11,18
48964,26,33,-7
48967,510,332,178
48980,1,2,-1
48982,0,1,-1
49005,5,7,-2
49010,62,72,-10
49015,4,9,-5
49018,2,3,-1
49031,2,4,-2
49039,32,37,-5
49054,3,6,-3
49066,0,3,-3
49068,2,4,-2
49069,37.99,26,11.99
49074,34,47,-13
49105,15,16,-1
49125,16,30,-14
49141,4,5,-1
49144,4,6,-2
49146,1,2,-1
49151,0,2,-2
49180,25,14,11
49189,13,5,8
49209,1,2,-1
49243,1,0,1
49267,0,2,-2
49292,0,3,-3
49295,3,5,-2
49296,7,8,-1
49300,0,3,-3
49301,3.34,0.67,2.67
49348,41,43,-2
49350,4,7,-3
49352,9,8,1
49357,16,17,-1
49360,145,158,-13
49368,15,1,14
49376,1.34,3,-1.66
49377,0,3,-3
49387,2,4,-2
49401,3,0,3
49411,64,71,-7
49422,19,25,-6
49452,0,2,-2
49455,0,12,-12
49489,3,6,-3
49519,0,1,-1
49550,16,18,-2
49569,14,15,-1
49573,3,0,3
49581,17.25,19,-1.75
49609,3,0,3
49614,10,11,-1
49643,25,27,-2
49650,4.68,5.01,-0.33
49657,13,14,-1
49669,7,8,-1
49670,2,5,-3
49695,4,6,-2
49735,0,2,-2
49748,4,10.5,-6.5
49752,7,9,-2
49767,0,1,-1
49808,1,2,-1
49824,3,2,1
49855,1,0,1
49955,8,9,-1
49963,6,12,-6
49979,0.67,1,-0.33
49996,7.5,10.5,-3
50029,6,9,-3
50087,12,23,-11
50094,3,2,1
50120,73,79,-6
50143,3,4,-1
50162,1,0,1
50170,0,1,-1
50173,4,6,-2
50192,5,2,3
50200,15,19,-4
50217,6,0,6
50222,3,4,-1
50225,17,21,-4
50243,21,25,-4
50253,10,3,7
50281,6,7,-1
50299,12,14,-2
50339,2,0,2
50348,5,0,5
50383,0,1,-1
50384,1,2,-1
50395,6,7,-1
50454,12,8,4
50455,6,8,-2
50554,1,2,-1
50556,2,0,2
50557,3,0,3
50621,1,2,-1
50779,22,42,-20
50786,0,2,-2
50801,8,9,-1
50804,0.5,1,-0.5
50807,5.75,7,-1.25
50818,110,132,-22
50836,4,1,3
50837,3,1,2
50852,0,3,-3
50891,10,13,-3
50896,1,3,-2
50941,9,3,6
50958,0,5,-5
50961,11,14,-3
50983,3,5,-2
51021,0,2,-2
51022,0,1,-1
51028,4,2,2
51055,1,3,-2
51066,0,3,-3
51130,12,4,8
51137,5,0,5
51176,5,3,2
51205,1,0,1
51223,2,0,2
51224,4,0,4
51268,1,4,-3
51281,1,3,-2
51286,5,6,-1
51301,0,2,-2
51405,16,12,4
51421,1,0,1
51444,2.34,0.34,2
51450,110,22,88
51456,3,4,-1
51463,1,2,-1
51557,17,19,-2
51563,4,1,3
51744,1,2,-1
51746,4,0,4
51748,4,0,4
51750,7,1,6
51751,2,3,-1
51767,2,0,2
51959,8,5,3
51960,14,20,-6
51972,1,4,-3
52046,3,0,3
52102,3,0,3
52200,7,4,3
52218,1,2,-1
52418,0,1,-1
52451,55,57,-2
52457,11,5,6
52474,2,5,-3
52478,1,0,1
52491,7,1,6
52492,3,0,3
52521,1,0,1
52538,5,1,4
52578,3,4,-1
52590,30,31,-1
52591,7,8,-1
52637,14,24,-10
52640,2,1,1
52687,15,7,8
52698,57,131,-74
52699,27,3,24
52700,17,18,-1
52715,10,6,4
52738,0,3,-3
52740,4,2,2
52791,3,0,3
52823,3,5,-2
52886,7,8,-1
52910,5,8,-3
53096,11,12,-1
53108,34,42,-8
53142,5,1,4
53176,137,184,-47
53237,22,15,7
53378,2,1,1
53444,2,1,1
53532,10,11,-1
53579,4,5,-1
53612,8,5,3
53641,238,291,-53
53661,2,1,1
53665,0,1,-1
53667,4,0,4
53763,4,3,1
53766,1,6,-5
53818,1,8,-7
53830,24,74,-50
53831,2,0,2
53844,1,2,-1
53971,2,0,2
53998,10,7,3
54065,1,0,1
54134,5,6,-1
54178,3,0,3
54187,0,1,-1
54226,8,12,-4
54236,3,0,3
54294,6,0,6
54323,50,84,-34
54328,0,1.75,-1.75
54457,12,15,-3
54570,4,5,-1
54647,4,0,4
54701,2,1,1
54793,0.98,1,-0.02
54941,19,30,-11
54950,19,16,3
55018,44,64,-20
55061,3.5,6.5,-3
55091,4,6,-2
55104,2,1,1
55105,6,9,-3
55121,4,0,4
55145,2,1,1
55185,15,19,-4
55187,7,1,6
55246,8,0,8
55332,7,2,5
55369,2,3,-1
55391,5,8,-3
55399,3,5,-2
55403,3,2,1
55560,10,8,2
55588,1,2,-1
55612,1,4,-3
55683,1,0,1
56066,4,2,2
56161,4,0,4
56167,3,5,-2
56197,9900,11600,-1700
56251,0,1,-1
56323,2,3,-1
56357,6,0,6
56416,54,73,-19
56443,12,7,5
56456,4,11,-7
56508,2,31.5,-29.5
56564,10,0,10
56584,0,6,-6
56604,11,18,-7
56624,1,0,1
56747,2,0,2
56772,13,18,-5
56780,14,12,2
56791,5.02,6.68,-1.66
56797,0.01,0.67,-0.66
56834,6,5,1
56848,0,4,-4
56863,7,4,3
56899,0,2,-2
56909,6,9,-3
56942,9,14,-5
56970,1,2,-1
57170,0,1,-1
57286,10,0,10
57385,1,0,1
57386,0,1,-1
57391,3,4,-1
57394,1,2,-1
57396,1,2,-1
57400,3,0,3
57424,5,2,3
57805,19,22,-3
57850,7,4,3
57854,1,3,-2
57976,0,1,-1
58131,3,4,-1
58180,11,15,-4
58360,55,64,-9
58361,62,28,34
58464,5,1,4
58478,2,3,-1
58552,7.51,10.67,-3.16
58889,1,0,1
59022,0,2,-2
59024,0,2,-2
59037,1,6,-5
59467,0,5,-5
59486,1.8,2,-0.2
59623,1,2,-1
59668,1,0,1
59705,0,1,-1
59847,11,13,-2
59858,1,2,-1
59970,13,1,12
59975,20,2,18
60430,0,1,-1
60462,0,2,-2
60534,1,2,-1
60647,26,27,-1
60651,0,1,-1
60678,1,0,1
60688,3,0,3
60697,40,43,-3
60794,4,0,4
60799,4,0,4
60858,1,2,-1
60873,0,1,-1
60874,0,1,-1
60877,0,1,-1
61699,10,15,-5
61715,20,24,-4
61716,7.37,5.72,1.65
61826,2,0,2
62156,3,4,-1
62417,2,0,2
62686,12,15,-3
62726,1,3,-2
62727,2,3,-1
62738,0,1,-1
62758,0,4,-4
62798,7,0,7
63364,3,0,3
63419,11,13,-2
63504,9,6,3
63601,0,1.33,-1.33
63815,1,3,-2
63830,3,2,1
63831,1,2,-1
63965,4,1,3
63994,3.34,2.67,0.67
64104,27,36,-9
64140,0,1,-1
64518,0,2,-2
64528,9,0,9
64699,8,3,5
64700,15,16,-1
64707,7,10,-3
64717,40,106,-66
64851,14,12,2
64852,18,21,-3
64902,5,1,4
64953,2,3,-1
65017,5,6,-1
65323,3,4,-1
65435,13,2,11
65682,0,1,-1
65812,2,6,-4
65813,0.66,1.33,-0.67
66011,0,3,-3
66012,7,16,-9
66157,5,4,1
66209,1026,1058,-32
66449,0,9,-9
66891,17,25,-8
67305,42,45,-3
67439,1,0,1
67455,3,4,-1
67516,1,2,-1
67548,6,1,5
67637,7,9,-2
67668,1,2,-1
67669,23,3,20
68057,7,10,-3
68058,2,6,-4
68059,5,6,-1
68183,1,0,1
68184,2,0,2
68310,5,6,-1
68461,5,1,4
68654,13,15,-2
68808,4,3,1
68872,3,4,-1
68873,2,3,-1
68875,2,0,2
68876,16,6,10
68930,35,22,13
68971,4,5,-1
69066,0,2,-2
69068,1,3,-2
69237,0,1,-1
69278,2,3,-1
69322,11,15,-4
69323,1,0,1
69375,26,8,18
69452,1,0,1
69555,0,4,-4
69556,7,9,-2
69639,14,16,-2
69646,11,28,-17
69801,18.01,25.01,-7
70046,582,653,-71
70047,111,11,100
70139,4,2,2
70783,4.36,5.42,-1.06
70930,1,3,-2
70970,2,0,2
70984,8,14,-6
70985,7,8,-1
70987,7,10,-3
71006,2,4,-2
71213,9,11,-2
71375,0,1,-1
71600,1,2,-1
71653,3,0,3
72058,1,0,1
72248,63,51,12
72250,28,31,-3
73107,4,3,1
73535,4,3,1
73541,15,11,4
73574,32,31,1
73610,13,1,12
73633,11,16,-5
73670,7,3,4
73695,4,6,-2
73738,7,4,3
74120,0,1,-1
74578,3,4,-1
74601,22,35,-13
74602,14.01,20.01,-6
74622,18,7,11
74623,0,1,-1
75317,1,0,1
75780,0.23,0.28,-0.05
75979,12,1,11
75980,2,6,-4
76010,10,12,-2
76058,5,0,5
76069,13,2,11
76136,1,2,-1
76137,2,3,-1
76153,4,6,-2
76191,4,3,1
76192,3,2,1
76198,23,19,4
76199,17,16,1
76208,10,8,2
76214,6,5,1
76222,4,3,1
76224,5,4,1
76261,130,120,10
76334,140,200,-60
76335,1220,1280,-60
76336,1160,1200,-40
76338,2,3,-1
76355,11,25,-14
76857,6,8,-2
77039,9,8,1
77040,12,10,2
77082,8,9,-1
77105,16,0,16
77175,4,5,-1
77318,3,1,2
77323,4,6,-2
77372,0,4,-4
77390,10,12,-2
77475,4,5,-1
77668,42,35,7
77669,1,0,1
77670,17,14,3
77706,0,1,-1
77714,21,8,13
77840,5,2,3
77881,1,0,1
77958,1,2,-1
77968,2,12,-10
78005,0,1,-1
78080,4,3,1
78202,8,6,2
78235,1,0,1
78268,3,6,-3
78374,1,3,-2
78394,4,0,4
78395,7,2,5
78498,0,1,-1
78716,2.99,0,2.99
78823,0,1,-1
78830,1,2,-1
78846,2,3,-1
78849,1,2,-1
79011,0,1,-1
79226,4,5,-1
89423,36,39,-3
89463,2,4,-2
89466,2,4,-2
89487,1,3,-2
89539,3,2,1
89656,12,6,6
89668,3,4,-1
89680,1,2,-1
89687,1,2,-1
89822,2,0,2
90112,4,2.5,1.5
90169,0,1,-1
90202,2,3,-1
90223,6,0,6
90224,6,1,5
90227,12,6,6
90229,2,4,-2
90230,7,0,7
90233,8,1,7
90235,15,17,-2
90262,2.5,1.5,1
90398,199,183,16
90441,0,1,-1
90457,3,0,3
90465,35,38,-3
90517,0,1,-1
90535,11,0,11
90584,2,2.5,-0.5
90621,26,30,-4
90629,14,15,-1
90967,11,28,-17
91030,5,3,2
91075,6,5,1
91299,3,5,-2
91433,1,4,-3
91434,2,4,-2
91440,4,1,3
91441,3,2,1
91442,4,1,3
91443,7,8,-1
91819,3,0,3
91848,3,9,-6
91976,540.89,549.9,-9.01
92031,1,0,1
92051,0,1,-1
92062,6,3,3
92085,70,97,-27
92143,13,15,-2
92216,5,1,4
92277,8,14,-6
92417,1,0,1
92598,5,3,2
92712,4,0,4
92733,47,88,-41
92769,6,15,-9
92789,20,12,8
92807,20,33,-13
92824,2,0,2
92876,2,3,-1
92908,2,0,2
92959,1,2,-1
92962,3,4,-1
93062,47,40,7
93075,4,0,4
93288,1,2,-1
93292,6,0,6
93306,18.75,17.5,1.25
93322,1,2,-1
93454,4,0,4
93636,6,7,-1
93719,13,19,-6
93760,3,1,2
93782,1,0,1
93830,0,8,-8
93891,4,5,-1
94084,0,8,-8
94135,0,4,-4
94157,12,5,7
94219,9,12,-3
94228,12,31,-19
94278,26,29,-3
94354,1,2,-1
94464,0,1,-1
94488,3,6,-3
94490,0,1,-1
94492,3,1,2
94505,18,27,-9
94514,48,61,-13
94550,1,2,-1
94575,3,0,3
94583,2,3,-1
94608,0,2,-2
94658,5,3,2
94660,76,103,-27
94731,33,0,33
94733,94,133,-39
94810,16,22,-6
94824,0,1,-1
95152,0,2,-2
95179,5,9,-4
95180,25,19,6
95193,0,1,-1
95287,4,5,-1
95333,0,6,-6
95348,3,0,3
95368,30,40,-10
95381,8,10,-2
95410,7.8,4.8,3
95499,7,8,-1
95761,1,0,1
95788,0,2,-2
95834,5,4,1
95868,2,3,-1
95876,2,0,2
95918,6.5,0,6.5
95992,5,3,2
96025,4,16,-12
96061,3,2,1
96106,0,20,-20
96196,24,38,-14
96212,10,11,-1
96227,1,3,-2
96288,110,135,-25
96302,16,2,14
96311,0,1,-1
96349,3,0,3
96394,1,0,1
96400,7,44,-37
96421,2,3,-1
96426,1,4,-3
96491,3,5,-2
96560,173,241,-68
96642,26,12,14
96665,4,10,-6
96677,1,2,-1
96728,20,3,17
96799,5,8,-3
96800,1.5,3,-1.5
96872,22,23,-1
96884,0,2,-2
96905,2,0,2
96908,3,6,-3
96989,0,1,-1
96997,3,6,-3
97057,8,3,5
97114,13,14,-1
97115,5,7,-2
97172,9,8,1
97182,3,0,3
97260,2,0,2
97328,4,6,-2
97418,7,1,6
97455,5,7,-2
97513,12,13,-1
97514,3,8,-5
97529,0,4,-4
97558,8,9,-1
97590,6,1,5
97617,3,1,2
97700,1,2,-1
97701,1,3,-2
97717,2,0,2
97743,11,12,-1
97756,0,6,-6
97771,60,70,-10
97774,4,0,4
97782,2,0,2
97872,1,2,-1
97906,0,3,-3
98015,3,0,3
98039,7,1,6
98048,10,17,-7
98070,11,14,-3
98090,30,40,-10
98177,0,1,-1
98202,53,61,-8
98208,0,1,-1
98294,24,7,17
98310,30,60,-30
98416,159,122,37
98419,3,9,-6
98442,4,2,2
98456,4,6,-2
98457,0,4,-4
98478,13,7,6
98515,7,3,4
98536,5,8,-3
98555,4,3,1
98585,4,0,4
98616,1,3,-2
98628,0.82,1,-0.18
98629,0.4,0.68,-0.28
98633,7,12,-5
98664,30,50,-20
98685,3,4,-1
98699,1,2,-1
98702,2,0,2
98707,3,5,-2
98728,1,3,-2
98758,12,0,12
98768,2,1,1
98794,6,7,-1
98807,2,1,1
98824,2,3,-1
98843,6,7,-1
98863,31,34,-3
98921,1052,1079,-27
98946,74,80,-6
98990,3,4,-1
99022,4,2,2
99024,2,0,2
99058,5,4,1
99101,0,4,-4
99208,5,11,-6
99251,2,1,1
99252,4,0,4
99253,2,0,2
99263,5,9,-4
99264,0,10,-10
99315,4,1,3
99358,54,0,54
99374,1,2,-1
99376,0,1,-1
99389,5,3,2
99412,2,1,1
99423,1,2,-1
99501,10,7,3
99516,3,4,-1
99540,6,7,-1
99649,0,1,-1
99653,3,4,-1
99721,4,0,4
99731,1,2,-1
99797,4,2,2
99904,1,0,1
99917,80,85,-5
99922,3,0,3
99938,0,1,-1
99973,2,0,2
99990,5,6,-1
100017,3,1,2
100118,24,31,-7
100180,5,10,-5
100186,1,2,-1
100205,3,1,2
100213,4,2,2
100241,3,2,1
100358,6,0,6
100366,1,2,-1
100401,0,1,-1
100404,60,90,-30
100420,0,4,-4
100548,0,1,-1
100550,3,4,-1
100587,0,3,-3
100595,4,7,-3
100622,22,3,19
100652,2,0,2
100742,670,1100,-430
100744,9,10,-1
100746,15,13,2
100780,0,1,-1
100812,8,20,-12
100830,5,6,-1
100831,11,9,2
100892,31,29,2
100975,0,1,-1
100995,45,59,-14
101014,4,0,4
101083,33,20,13
101177,10,13,-3
101190,2,1,1
101305,3,4,-1
101326,1,0,1
101361,2,5,-3
101408,6,7,-1
101417,3,1,2
101469,0,1,-1
101471,0,1,-1
101507,7,6,1
101556,35,75,-40
101632,0,1,-1
101633,12,1,11
101641,7,9,-2
101670,10,1,9
101681,2,4,-2
101683,1,0,1
101703,3,2,1
101761,2,0,2
101784,12,7,5
101801,13,22,-9
101807,2,0,2
101810,3,0,3
101811,0,1,-1
101910,1,5,-4
101942,1,0,1
101973,121,189,-68
102004,3,5,-2
102065,3,0,3
102077,0,1,-1
102111,0,2,-2
102157,3,4,-1
102166,1,2,-1
102180,4,5,-1
102280,6,7,-1
102468,2,3,-1
102549,52,100,-48
102588,3,8,-5
102591,8,12,-4
102607,6,7,-1
102608,0,3,-3
102611,3,4,-1
102677,2,3,-1
102679,3,0,3
102699,2,0,2
102742,12,14,-2
102748,3,0,3
102798,0,32,-32
102928,7,10,-3
102932,2,1,1
102981,2,3,-1
103050,14,0,14
103101,0,3,-3
103106,2,0,2
103153,29,32,-3
103243,2,0,2
103246,7,8,-1
103247,13,17,-4
103271,0,1,-1
103272,2,3,-1
103276,1,3,-2
103277,1,0,1
103300,5,1,4
103355,4,6,-2
103367,3,4,-1
103370,2,0,2
103374,17,18,-1
103381,8,5,3
103434,2,9,-7
103483,3,1,2
103535,1,0,1
103541,1,2,-1
103595,0,1,-1
103702,6,3,3
103717,21,24,-3
103791,1,2,-1
103798,78,4,74
103891,5,0,5
103895,2,1,1
103986,42,56,-14
104065,0,2,-2
104072,4,3,1
104096,21,24,-3
104132,0,2,-2
104134,8,14,-6
104158,0,1,-1
104177,30,40,-10
104190,25,8,17
104228,8,13,-5
104257,0,1,-1
104260,1,3,-2
104272,6,4,2
104273,10,7,3
104310,2,0,2
104315,3,4,-1
104319,8,14,-6
104320,1,3,-2
104338,0,1,-1
104349,0,1,-1
104350,0,2,-2
104369,0,1,-1
104432,0,1,-1
104450,6,7,-1
104455,0,3,-3
104502,72,30,42
104503,13.13,12.38,0.75
104548,0,2,-2
104627,107,111,-4
104630,0,1,-1
104645,2,3,-1
104652,1,2,-1
104714,19,20,-1
104879,0,2,-2
104883,1,0,1
104886,1,2,-1
104893,1,2,-1
104957,0,1,-1
104990,0,1,-1
105013,7,8,-1
105027,9,19,-10
105109,2,0,2
105123,0,1,-1
105124,0,10,-10
105142,0,1,-1
105143,1,2,-1
105154,6,8,-2
105166,4,2,2
105217,1,2,-1
105222,26,5,21
105250,14,21,-7
105306,80,102,-22
105315,2,3,-1
105326,5,6,-1
105363,1,2,-1
105369,0,3,-3
105440,1,2,-1
105500,1,2,-1
105574,0,6,-6
105583,20,29,-9
105596,3,1,2
105611,15,30,-15
105618,0,2,-2
105637,0,1,-1
105682,5,7,-2
105731,31,64,-33
105753,2,0,2
105771,5,2,3
105775,0,2,-2
105811,32,37,-5
105930,8,11,-3
105958,4,5,-1
105961,1,0,1
105964,29,0,29
105990,24,0,24
105996,0,1,-1
106084,5,9,-4
106174,62,80,-18
106180,15,12,3
106192,1,2,-1
106261,1,2,-1
106286,42,84,-42
106426,0,8,-8
106427,0,3,-3
106428,0,4,-4
106431,1,2,-1
106440,0,1,-1
106462,8,10,-2
106483,2,1,1
106516,61,74,-13
106526,6,7,-1
106540,0,1,-1
106585,0,2,-2
106670,1,2,-1
106672,3,5,-2
106673,3,0,3
106674,8,7,1
106696,0,6,-6
106697,1,4,-3
106735,5,6,-1
106807,2,0,2
106857,4,3,1
106888,1,2,-1
106922,1,2,-1
106933,4,2,2
106979,3,0,3
106983,2,3,-1
107006,1,2,-1
107059,0,2,-2
107104,8,0,8
107129,1,3,-2
107130,1,0,1
107179,3,7,-4
107183,3,5,-2
107185,1,0,1
107202,6,7,-1
107204,4,7,-3
107247,17,19,-2
107313,6,0,6
107418,120,187,-67
107432,1,2,-1
107435,9,3,6
107440,6,10,-4
107455,1,2,-1
107462,193,269,-76
107509,0,1,-1
107538,1,0,1
107550,2,4,-2
107555,12,13,-1
107572,2,0,2
107576,1,2,-1
107577,0,1,-1
107638,0,1,-1
107648,5,6,-1
107651,9,10,-1
107686,17,9,8
107688,1,3,-2
107690,12,6,6
107725,2,3,-1
107727,0,1,-1
107730,1,3,-2
107760,2,1,1
107769,3,5,-2
107787,6,0,6
107788,11,12,-1
107862,195,37,158
107868,4,7,-3
107869,267,294,-27
107899,2,4,-2
107900,8,12,-4
107956,2,0,2
107961,0,22,-22
107963,4,6,-2
107991,3,4,-1
108033,3,1,2
108035,11,12,-1
108052,5,7,-2
108056,5,0,5
108116,1,0,1
108121,7,9,-2
108132,1,0,1
108281,1,2,-1
108286,0,0.67,-0.67
108322,1,2,-1
108325,60,20,40
108389,66,131,-65
108410,1,2,-1
108424,13,2,11
108429,3,5.5,-2.5
108467,2,0,2
108469,0,1,-1
108494,4,0,4
108498,28,14,14
108609,5,6,-1
108669,3,0,3
108728,1,7,-6
108814,20,10,10
108856,2,4,-2
108900,0,6,-6
108942,18,19,-1
109017,11,20,-9
109029,3,4,-1
109038,4,6,-2
109087,2,4,-2
109090,12,3,9
109091,9,13,-4
109094,55,196,-141
109162,12,0,12
109192,0,1,-1
109265,0,1,-1
109368,6.01,1,5.01
109394,0,1,-1
109402,26,28,-2
109410,8,11,-3
109421,0,2,-2
109537,0,1,-1
109564,3,0,3
109592,9,10,-1
109645,21,1,20
109679,2,3,-1
109680,4,6,-2
109726,3,11,-8
109784,0,1,-1
109841,12.98,18.98,-6
109851,0,1,-1
109859,6,2,4
109912,2,5,-3
109926,7,0,7
109937,1,4,-3
110031,7,8,-1
110044,1,0,1
110048,2,1,1
110064,1,2,-1
110110,2,6,-4
110146,0,1,-1
110153,72,2,70
110174,3,5,-2
110175,5,2,3
110196,8,11,-3
110210,10,12,-2
110213,1,2,-1
110220,23,24,-1
110227,8,1,7
110282,46,52,-6
110289,1,0,1
110347,2,3,-1
110407,2,0,2
110418,0,1,-1
110511,11,12,-1
110557,6,0,6
110587,1,19,-18
110612,56,89,-33
110618,1,0,1
110620,2,3,-1
110682,2,0,2
110712,0,12,-12
110718,1,2,-1
110833,1,2,-1
110839,4,5,-1
110888,0,1,-1
110924,2,9,-7
110985,0,6,-6
111001,0,1,-1
111009,2,1,1
111175,700,70,630
111211,9,25,-16
111262,1,0,1
111263,2,1,1
111273,2,0,2
111293,0,1,-1
111337,12,24,-12
111346,0,2,-2
111366,1,2,-1
111384,1,3,-2
111385,3,0,3
111388,3,0,3
111448,60,30,30
111457,56,67,-11
111461,20,22,-2
111492,2,0,2
111553,23,30,-7
111557,6,4,2
111592,76,24,52
111602,0,2,-2
111608,1,0,1
111614,1,0,1
111678,7,8,-1
111796,2,3,-1
111836,1,0,1
111851,41,39,2
111852,17,20,-3
111930,48,32,16
111932,4,5,-1
111959,1,2,-1
112010,203.33,252.33,-49
112054,1,2,-1
112110,0,1,-1
112113,8,10,-2
112211,7,8,-1
112213,15,0,15
112261,1,0,1
112284,0,9,-9
112301,10,0,10
112308,1,2,-1
112368,3,0,3
112370,1,2,-1
112409,6,7,-1
112444,0,3,-3
112461,1,0,1
112487,5,3,2
112488,1,2,-1
112501,2,5,-3
112529,1,0,1
112684,1,2,-1
112686,0,2,-2
112698,2,0,2
112714,5,1,4
112732,0,1,-1
112736,9,5,4
112759,1,2,-1
112764,9,7,2
112785,3,0,3
112899,1,2,-1
112995,3,4,-1
112996,0,1,-1
113002,1,0,1
113019,0,2,-2
113026,1,2,-1
113115,14,18,-4
113147,0,1,-1
113153,4,5,-1
113163,0,2,-2
113180,2,5,-3
113183,4,1,3
113188,6,7,-1
113322,1,0,1
113325,29,32,-3
113392,2,0,2
113432,1,2,-1
113455,4,5,-1
113460,2,0,2
113667,2,5,-3
113695,2,3,-1
113707,4,7,-3
113723,2,0,2
113775,4,0,4
113948,3,4,-1
113951,0,2,-2
113995,8,14,-6
114187,1,3,-2
114215,8,11,-3
114218,0,1,-1
114411,3,6,-3
114412,3,4,-1
114446,0,1,-1
114456,0,1,-1
114509,0,2,-2
114522,1,2,-1
114531,1632.05,2183.98,-551.93
114536,2,3,-1
114549,3,4,-1
114558,3,4,-1
114567,37,53,-16
114598,2,3,-1
114605,1,3,-2
114642,1,2,-1
114646,2,3,-1
114837,15,11,4
114987,1,0,1
114996,62,64,-2
115008,3,2,1
115030,24,41,-17
115033,3,2,1
115042,1,0,1
115139,6,10,-4
115195,4,0,4
115201,16,20,-4
115233,3,0,3
115307,1,2,-1
115340,5,6,-1
115369,2,0,2
115449,42,0,42
115481,2,1,1
115647,1,2,-1
115705,0,4,-4
115738,1,2,-1
115751,74,83,-9
115769,0,1,-1
115879,4,9,-5
115927,12,0,12
115942,3,1,2
115968,100,140,-40
115989,2,11,-9
116023,3,0,3
116065,2,0,2
116112,23,0,23
116181,0,1,-1
116326,1,0,1
116337,2,0,2
116349,1,0,1
116388,0,1,-1
116399,4,5,-1
116501,13,14,-1
116624,6,2,4
116630,0,1,-1
116672,0,2,-2
116682,0,3,-3
116697,1,2,-1
116959,0,1,-1
117184,13,26,-13
117210,5,1,4
117252,2,3,-1
117372,2,0,2
117554,96,0,96
117589,2,0,2
117729,5,0,5
117832,3,0,3
